ruc,first_name,email
1,Armin,agratland0@usgs.gov
2,Kirstyn,kosgood1@earthlink.net
3,Faulkner,fquincey2@live.com
4,Gerri,gtorricella3@prweb.com
5,Lilith,lferneley4@smugmug.com
6,Jamesy,jdumbare5@360.cn
7,Marjie,mbrunnen6@mayoclinic.com
8,Lara,lboyland7@slideshare.net
9,Ester,ebriat8@scientificamerican.com
10,Beret,bknoller9@pinterest.com
11,Sybilla,scoshama@github.com
12,Bibby,bhawkb@umich.edu
13,Carlene,ccoxenc@toplist.cz
14,Ninette,naspinald@columbia.edu
15,Hillard,hpriestnalle@hhs.gov
16,Penn,phurdidgef@tripod.com
17,Sanford,sredsellg@marriott.com
18,Aubrey,abadderh@nsw.gov.au
19,Welbie,wfalkneri@goo.ne.jp
20,Farrah,fmaccarterj@mysql.com
21,Danila,dscholesk@vkontakte.ru
22,Jeanine,jiorillol@diigo.com
23,Sinclare,spowleym@goo.ne.jp
24,Woodman,wclixbyn@blog.com
25,Dinnie,dbogaceo@amazonaws.com
26,Aviva,ahullbrookp@printfriendly.com
27,Sadye,ssaynorq@chicagotribune.com
28,Joscelin,jprophetr@wunderground.com
29,Natal,ncowings@skype.com
30,Geri,ggerrardt@newyorker.com
31,Claiborn,ckyngeu@canalblog.com
32,Dorree,draymentv@nyu.edu
33,Babs,bibbsw@surveymonkey.com
34,Dorita,ddriolix@reference.com
35,Sig,sgrenty@photobucket.com
36,Marco,mdunicanz@yellowbook.com
37,Jarret,jace10@ehow.com
38,Webb,wnanni11@pen.io
39,Patrica,pgraundisson12@europa.eu
40,Melanie,msodor13@hugedomains.com
41,Selena,spettet14@jiathis.com
42,Lacy,larnoldi15@squidoo.com
43,Cale,clux16@unesco.org
44,Donnell,djeanequin17@weather.com
45,Aryn,acampelli18@discuz.net
46,Ricki,ryarrall19@dion.ne.jp
47,Becky,bwhale1a@1und1.de
48,Dasi,dmillmoe1b@mozilla.org
49,Carmon,chuke1c@rakuten.co.jp
50,See,sjerome1d@newsvine.com
51,Clayson,crheaume1e@nhs.uk
52,Abbey,amcwhirter1f@photobucket.com
53,Leonidas,lwhittaker1g@prnewswire.com
54,Ardella,ahailston1h@sohu.com
55,Loralee,lfortnon1i@php.net
56,Ezequiel,eofinan1j@addtoany.com
57,Alyson,adudny1k@google.nl
58,Etti,ewildbore1l@gravatar.com
59,David,dsquibe1m@com.com
60,Hashim,hkenneford1n@delicious.com
61,Moria,mpilfold1o@buzzfeed.com
62,Victor,vlongfield1p@tinyurl.com
63,Rosalinde,rwedge1q@google.nl
64,Sandi,scrosland1r@ow.ly
65,Licha,ljellman1s@globo.com
66,Percival,psharville1t@go.com
67,Codi,cbigley1u@cmu.edu
68,Colette,cconlon1v@wufoo.com
69,Nappy,nwaddams1w@discovery.com
70,Wynn,wneagle1x@ucoz.ru
71,Stesha,sfeldberger1y@yellowbook.com
72,Laughton,lscopyn1z@businessweek.com
73,Constancia,cdyka20@meetup.com
74,Phoebe,pdrake21@yelp.com
75,Clio,cburtonwood22@nasa.gov
76,Caroljean,cbane23@cloudflare.com
77,Anita,agoding24@nymag.com
78,Mavis,mcirlos25@webmd.com
79,Ilise,itimpany26@shareasale.com
80,Isidora,ileacock27@symantec.com
81,Viki,vpippard28@prnewswire.com
82,Orton,ogullberg29@adobe.com
83,Lotta,lmaccaig2a@spotify.com
84,Bernardine,bainger2b@a8.net
85,Tawnya,thawkes2c@fc2.com
86,Reeba,rbaudassi2d@amazon.de
87,Law,lmcneish2e@aol.com
88,Jolie,jrobbe2f@microsoft.com
89,Ayn,arosenfrucht2g@ox.ac.uk
90,Daloris,dmeasom2h@wiley.com
91,Bailey,bseakin2i@yahoo.co.jp
92,Farlie,fteall2j@etsy.com
93,Hanson,htoleman2k@barnesandnoble.com
94,Norma,nbiskupek2l@stanford.edu
95,Charmine,ccalbaithe2m@dedecms.com
96,Ruperta,rallmen2n@deliciousdays.com
97,Ossie,ohounihan2o@google.ca
98,Else,emcgilvra2p@ucsd.edu
99,Nickey,ncaley2q@desdev.cn
100,Domenico,dchezelle2r@homestead.com
101,Sauncho,smendus2s@instagram.com
102,Delia,dclementi2t@google.it
103,Siward,sdhooge2u@state.gov
104,Adelbert,abanstead2v@miitbeian.gov.cn
105,Lindsay,lbartholat2w@yellowpages.com
106,Prisca,ppecht2x@youku.com
107,Eddi,eaffleck2y@infoseek.co.jp
108,Tori,tfrancie2z@hubpages.com
109,Kristopher,kandreasson30@springer.com
110,Roldan,rmckeown31@sohu.com
111,Austin,asutherby32@creativecommons.org
112,Augustin,astronack33@printfriendly.com
113,Brigg,bdurbann34@tumblr.com
114,Charlot,cord35@joomla.org
115,Julianne,jsyne36@facebook.com
116,Conny,cpattie37@bravesites.com
117,Alexia,apacker38@ucoz.com
118,Emmalee,eclausner39@multiply.com
119,Rickert,rscouse3a@webnode.com
120,Scotti,smeatcher3b@thetimes.co.uk
121,Jordon,jsprasen3c@bluehost.com
122,Yevette,ydedenham3d@bbc.co.uk
123,Bernhard,bhexter3e@yolasite.com
124,Currey,cblondel3f@github.com
125,Reina,rstrangwood3g@biblegateway.com
126,Cherianne,cneubigging3h@earthlink.net
127,Melantha,mbernardoni3i@jigsy.com
128,Chelsey,ccastiglioni3j@nationalgeographic.com
129,Cathrin,cpakes3k@wiley.com
130,Vergil,vfallon3l@1688.com
131,Arron,alemerchant3m@cargocollective.com
132,Rockey,rmorrice3n@netlog.com
133,Brendan,bradeliffe3o@soup.io
134,Gabriella,gbrownlow3p@opera.com
135,Dorthea,dfarrar3q@dyndns.org
136,Jolene,jravelus3r@sogou.com
137,Tallia,telmore3s@umich.edu
138,Alberik,acutts3t@earthlink.net
139,Robena,rwing3u@cargocollective.com
140,Lukas,lflannigan3v@paypal.com
141,Dave,djohnston3w@ameblo.jp
142,Benedetto,bsiverns3x@icio.us
143,Deanne,dcauldfield3y@privacy.gov.au
144,Markos,mstickles3z@seattletimes.com
145,Ronny,rsacher40@topsy.com
146,Gabi,ggerred41@sciencedaily.com
147,Geno,gwharfe42@edublogs.org
148,Laurie,lspeake43@pinterest.com
149,Spencer,standey44@dailymotion.com
150,Giulietta,gdurrell45@google.co.jp
151,Dolorita,dcraft46@archive.org
152,Perkin,pmaden47@miibeian.gov.cn
153,Tracy,tturmel48@mysql.com
154,Giraldo,gperrone49@businessinsider.com
155,Joete,jwegman4a@omniture.com
156,Marlon,msillwood4b@geocities.jp
157,Teddie,thousbie4c@virginia.edu
158,Chan,cray4d@freewebs.com
159,Gearalt,gshanks4e@feedburner.com
160,Wallas,wyegorshin4f@taobao.com
161,Harley,hdilliway4g@clickbank.net
162,Samantha,sdottridge4h@independent.co.uk
163,Ralina,rphillips4i@ed.gov
164,Rafferty,rogden4j@ask.com
165,Olenolin,obusen4k@state.tx.us
166,Dorine,dzuenelli4l@yale.edu
167,Leodora,ldrogan4m@youtu.be
168,Debor,dculp4n@mlb.com
169,Sari,ssegges4o@apache.org
170,Daisie,dronca4p@microsoft.com
171,Cornell,carboin4q@mediafire.com
172,Sharia,sgiacopazzi4r@cisco.com
173,Minnnie,mstarcks4s@unc.edu
174,Caroline,cbehan4t@drupal.org
175,Franchot,fhabeshaw4u@go.com
176,Brigg,bbatha4v@sun.com
177,Byrle,bhaslocke4w@techcrunch.com
178,Renell,rpowlett4x@macromedia.com
179,Ingra,imacgragh4y@narod.ru
180,Dominick,dmatz4z@ox.ac.uk
181,Callida,chuntriss50@wikia.com
182,Winifred,wrigate51@home.pl
183,Lila,lchalles52@trellian.com
184,Layla,lkeynd53@mlb.com
185,Claudette,cflattman54@zdnet.com
186,Blane,bscollard55@desdev.cn
187,Cleavland,ctomas56@mit.edu
188,Myra,mstille57@livejournal.com
189,Benetta,bcorrin58@163.com
190,Son,sgersam59@shutterfly.com
191,Kanya,kcrighton5a@a8.net
192,Hedvige,hkolinsky5b@bandcamp.com
193,Mitzi,mcapron5c@ezinearticles.com
194,Milli,mpelham5d@ucoz.com
195,Zerk,zlambird5e@ovh.net
196,Sawyere,sboulton5f@stanford.edu
197,Ruperto,rrymer5g@nymag.com
198,Wynnie,wfulun5h@a8.net
199,Kristin,komara5i@google.fr
200,Mirelle,mfrowd5j@howstuffworks.com
201,Joellyn,jwetherell5k@xinhuanet.com
202,Beatrisa,bleeburne5l@wiley.com
203,Saunders,scaddens5m@ovh.net
204,Jesselyn,jsandercroft5n@globo.com
205,Brendan,bmewis5o@prweb.com
206,Cort,crahl5p@umn.edu
207,Jewell,jperllman5q@fc2.com
208,Rosy,rsymmers5r@csmonitor.com
209,Zola,zcockhill5s@phpbb.com
210,Sharl,sstryde5t@a8.net
211,Dacia,dsarfas5u@jugem.jp
212,Spence,sexley5v@netscape.com
213,Lonee,ldowsey5w@51.la
214,Timothea,tculshew5x@ask.com
215,Tiffy,tvesco5y@pbs.org
216,Orlando,omaplesden5z@engadget.com
217,Camellia,ctague60@free.fr
218,Ambrose,aeckhard61@networksolutions.com
219,Carter,cwallerbridge62@nba.com
220,Ray,rsugar63@springer.com
221,Sutton,sjanosevic64@shinystat.com
222,Baxie,bgillhespy65@free.fr
223,Cortney,cfarrey66@wikia.com
224,Vitoria,vsneezum67@quantcast.com
225,Stevena,sbaulk68@topsy.com
226,Amalita,aesmonde69@mac.com
227,Davina,dfantone6a@webmd.com
228,Wanids,wfassam6b@japanpost.jp
229,Karole,kgutowski6c@people.com.cn
230,Yoshiko,yverick6d@kickstarter.com
231,Hermia,hhowerd6e@redcross.org
232,Joel,jisakovitch6f@gnu.org
233,Benedict,bfreire6g@bandcamp.com
234,Lyndell,lgahan6h@sciencedaily.com
235,Carola,cwhybray6i@nifty.com
236,Rinaldo,rcowitz6j@nasa.gov
237,Neal,nkeneleyside6k@guardian.co.uk
238,Dionis,dfellowes6l@pcworld.com
239,Daphne,dsholem6m@dion.ne.jp
240,Tine,tvicary6n@typepad.com
241,Danette,dlamberts6o@wisc.edu
242,Sallyanne,sackhurst6p@umich.edu
243,Stephie,sedgeson6q@upenn.edu
244,Kristo,khrihorovich6r@lycos.com
245,Elli,edrewet6s@cam.ac.uk
246,Meade,mmcgrath6t@google.ca
247,Alvis,adebeneditti6u@eventbrite.com
248,Leora,lmoulding6v@cdc.gov
249,Langston,lragles6w@ycombinator.com
250,Sibylla,sbussen6x@mlb.com
251,Staci,soels6y@hao123.com
252,Obadiah,omacgebenay6z@umich.edu
253,Egon,evarren70@tinyurl.com
254,Wayne,wrose71@telegraph.co.uk
255,Bel,bgoodhay72@last.fm
256,Josh,jgoly73@state.tx.us
257,Bartholomew,bpingston74@nasa.gov
258,Eleanore,edunklee75@webnode.com
259,Hesther,hvignal76@goo.gl
260,Polly,pairds77@ed.gov
261,Arri,aterrington78@soundcloud.com
262,Julia,jblasetti79@etsy.com
263,Stuart,satger7a@icq.com
264,Westleigh,wdoles7b@nps.gov
265,Roseline,rpeter7c@dailymail.co.uk
266,Dom,dlaughlin7d@icio.us
267,Russ,rronca7e@opensource.org
268,Carmencita,ccausby7f@mayoclinic.com
269,Charin,cmcgillicuddy7g@goo.gl
270,Caril,cwoolfall7h@google.com.br
271,Bliss,bmilmo7i@dion.ne.jp
272,Jessamyn,jskillanders7j@msn.com
273,Catharina,cpollastrone7k@vkontakte.ru
274,Cherry,cmullender7l@t-online.de
275,Currey,cmcilharga7m@nature.com
276,Gaile,gsaffran7n@csmonitor.com
277,Galen,ghazley7o@123-reg.co.uk
278,Linn,lsquire7p@1und1.de
279,Daniel,dianni7q@nymag.com
280,Vernor,vlampet7r@hud.gov
281,Pepito,pclaringbold7s@cnbc.com
282,Flore,fborrowman7t@meetup.com
283,Ddene,dhynes7u@studiopress.com
284,Dionysus,dgarretts7v@deliciousdays.com
285,Rhonda,rdupree7w@cornell.edu
286,Garrot,gbaynton7x@hubpages.com
287,Sean,sbiskup7y@nba.com
288,Gabbie,gsimo7z@youtu.be
289,Janina,jcarrington80@berkeley.edu
290,Frank,fbaton81@digg.com
291,Perren,pknapp82@foxnews.com
292,Verene,vheasman83@va.gov
293,Carolynn,ccordoba84@pcworld.com
294,Kimberlyn,kcogswell85@parallels.com
295,Sydel,sshorthouse86@scribd.com
296,Lalo,lascrofte87@ed.gov
297,Aland,achasmor88@youku.com
298,Marlane,mcansdill89@dedecms.com
299,Seymour,sneilands8a@nsw.gov.au
300,Pooh,pmegarry8b@sitemeter.com
301,Ignaz,iwedge8c@tmall.com
302,Shawn,selt8d@amazon.com
303,Innis,imeese8e@eventbrite.com
304,Daryl,dbowhay8f@rambler.ru
305,Jilleen,jkershow8g@ibm.com
306,Chaunce,ccleobury8h@cnet.com
307,Lia,ldefrain8i@topsy.com
308,Ines,iduxbarry8j@icq.com
309,Kiel,kblyden8k@fastcompany.com
310,Mabelle,mleimster8l@reuters.com
311,Sibel,sokerin8m@google.co.uk
312,Joseph,jmayor8n@netlog.com
313,Monty,mderx8o@oracle.com
314,Skylar,sdenness8p@twitpic.com
315,Malva,mcummine8q@barnesandnoble.com
316,Vassily,vebben8r@mozilla.com
317,Marietta,mbrabon8s@weebly.com
318,Demetri,daslet8t@dyndns.org
319,Camellia,cevers8u@zimbio.com
320,Lynette,lhug8v@washington.edu
321,Ursola,uperulli8w@ebay.co.uk
322,Kasey,kragles8x@usa.gov
323,Fabio,fsarsons8y@smh.com.au
324,Margie,mcortez8z@cdc.gov
325,Kathye,keastcott90@hugedomains.com
326,Johna,jellens91@fastcompany.com
327,Reine,rcubley92@hostgator.com
328,Harp,hhouchin93@mapquest.com
329,Rockey,rride94@geocities.com
330,Bernadene,bpedwell95@simplemachines.org
331,Phaedra,phealks96@mlb.com
332,Miguela,mrickford97@hhs.gov
333,Winfield,wknevit98@businesswire.com
334,Margi,mgrindle99@yahoo.co.jp
335,Curtice,cmccloy9a@arizona.edu
336,Chloris,ctieman9b@hp.com
337,Sherilyn,shellis9c@dyndns.org
338,Fields,fskullet9d@github.com
339,Tatiania,tcallar9e@phpbb.com
340,Harp,hmacanellye9f@nih.gov
341,Hunter,hluthwood9g@imdb.com
342,Emiline,eorneles9h@utexas.edu
343,Sal,sbricksey9i@moonfruit.com
344,Marleah,mmaywood9j@berkeley.edu
345,Ricardo,rmyring9k@over-blog.com
346,Willem,wstannislawski9l@amazon.co.uk
347,Shane,sshowte9m@joomla.org
348,Arabelle,ameo9n@shop-pro.jp
349,Ody,ocrookston9o@boston.com
350,Golda,gwildin9p@phpbb.com
351,Ynes,yneeson9q@etsy.com
352,Heddie,hstanhope9r@google.com.hk
353,Waiter,wkenryd9s@spiegel.de
354,Juieta,jsavaage9t@linkedin.com
355,Cybil,cmcellen9u@qq.com
356,Dallis,dcantor9v@ifeng.com
357,John,jparkman9w@statcounter.com
358,Joleen,jtye9x@nbcnews.com
359,Gregorio,gburchatt9y@cafepress.com
360,Clementius,cbediss9z@wikipedia.org
361,Meriel,mbezzanta0@nifty.com
362,Charles,ctarboxa1@eventbrite.com
363,Desdemona,dboundea2@squidoo.com
364,Aaron,adefilippoa3@independent.co.uk
365,Claude,cickowicza4@businesswire.com
366,Olimpia,oleatharda5@goo.ne.jp
367,Skye,sfollissa6@cyberchimps.com
368,Yovonnda,ybehnekea7@scientificamerican.com
369,Wylie,wdinningtona8@mozilla.com
370,Meredithe,maggea9@xrea.com
371,Edna,eknuttonaa@dropbox.com
372,Ferdinande,fsprowlesab@google.cn
373,Skylar,sespinasac@desdev.cn
374,Gilberto,gdytonad@cam.ac.uk
375,Zaria,zbilsonae@alexa.com
376,Ailis,awashingtonaf@ameblo.jp
377,Ray,rbarstockag@google.ru
378,Isiahi,ikuhnelah@a8.net
379,Wallis,wseggesai@dropbox.com
380,Sean,shurleaj@yellowbook.com
381,Henrietta,hadamskiak@wikispaces.com
382,Bryn,blowthorpeal@vistaprint.com
383,Andrew,aascroftam@rakuten.co.jp
384,Jobina,jgosalvezan@example.com
385,Celina,cemminesao@businessweek.com
386,Avril,agotherap@yolasite.com
387,Nikolia,nedeleraq@spotify.com
388,Foss,flowsonar@sina.com.cn
389,Laure,leronieas@smugmug.com
390,Morris,mmcgonnellat@amazon.de
391,Viv,vizchakiau@indiatimes.com
392,Nerti,nshadfourthav@nbcnews.com
393,Wilden,wdjordjevicaw@zimbio.com
394,Yurik,yfacchiniax@umn.edu
395,Sibella,severtay@ebay.co.uk
396,Bevin,bwreifordaz@people.com.cn
397,Tommi,tpriestleyb0@earthlink.net
398,Eadith,egainforthb1@nsw.gov.au
399,Barnett,bheamusb2@psu.edu
400,Eugine,earmsteadb3@webeden.co.uk
401,Jory,jtrillowb4@google.cn
402,Rolando,rhalledeb5@biblegateway.com
403,L;urette,ljendrachb6@illinois.edu
404,Jasmine,jgoodenoughb7@accuweather.com
405,Kelley,kgrinikhinovb8@wired.com
406,Eugine,echubbb9@163.com
407,Violet,vliddonba@nasa.gov
408,Cassi,cmachonbb@moonfruit.com
409,Wilona,wfouracrebc@hp.com
410,Arther,amerrywetherbd@gizmodo.com
411,Batholomew,bthainebe@vk.com
412,Ariela,aheinbf@mozilla.org
413,Dmitri,dduffieldbg@newyorker.com
414,Vite,vpummellbh@purevolume.com
415,Ivor,iguidettibi@goo.gl
416,Korry,kdewanebj@nyu.edu
417,Kellen,kdagostinobk@usatoday.com
418,Aloysius,aspaduzzabl@dion.ne.jp
419,Friedrich,fdrinkallbm@gmpg.org
420,Benji,bwemesbn@nasa.gov
421,Koo,kacottbo@kickstarter.com
422,Aimee,adybp@whitehouse.gov
423,Alasteir,ahunstonbq@adobe.com
424,Audre,agrenehambr@last.fm
425,Ursola,ufranceschbs@about.me
426,Joy,jwiddowesbt@howstuffworks.com
427,Myrta,mstarzakerbu@ca.gov
428,Obed,oivanilovbv@hugedomains.com
429,Sol,sboyatbw@wikispaces.com
430,Renata,rmacwhirterbx@artisteer.com
431,Clayson,cudenby@wsj.com
432,Camila,ctaddbz@twitpic.com
433,Saundra,sgravenellc0@smh.com.au
434,Spike,snoellc1@auda.org.au
435,Byran,bbarlasc2@paginegialle.it
436,Hodge,hdevanneyc3@google.es
437,Terrijo,tmenaultc4@etsy.com
438,Dillon,dbarmadierc5@webnode.com
439,Rey,rdashwoodc6@slate.com
440,Benedicto,bdibollc7@ucoz.ru
441,Yorke,yskeermerc8@skyrock.com
442,Denice,dcaddickc9@un.org
443,Jennette,jbiddissca@wikispaces.com
444,Randell,rcarsoncb@gravatar.com
445,Lexie,llidgertwoodcc@cam.ac.uk
446,Cammi,cpulfercd@howstuffworks.com
447,Randell,rsuggittce@cbsnews.com
448,Terrance,tspearcf@skype.com
449,Burr,blilbournecg@oakley.com
450,Karita,kdossantosch@whitehouse.gov
451,Frederich,fslaneyci@paypal.com
452,Thaddus,tobellcj@devhub.com
453,Janela,jbarnhillck@columbia.edu
454,Dan,dmityushincl@businesswire.com
455,Bord,bwatkisscm@bloglines.com
456,Adelind,askeemercn@sakura.ne.jp
457,Noellyn,nprazerco@ow.ly
458,Patrice,pfegancp@google.pl
459,Anabella,ademeyercq@quantcast.com
460,Charmain,cjerzykiewiczcr@bbc.co.uk
461,Courtenay,ckuhnertcs@jigsy.com
462,Rainer,rmckechniect@xrea.com
463,Richard,rbarnwallcu@google.cn
464,Sawyere,soddcv@devhub.com
465,Devlin,dcrosercw@google.es
466,Earl,emedwellcx@skype.com
467,Kip,kmcelhinneycy@51.la
468,Maurita,mhalfhidecz@bloglines.com
469,Trevor,tlacroced0@webs.com
470,Elsbeth,eantilld1@csmonitor.com
471,Fabio,fjeaneld2@hud.gov
472,Giraud,geptond3@facebook.com
473,Diego,djocicd4@apache.org
474,Barry,bbelsherd5@sphinn.com
475,Salvidor,sgommd6@sitemeter.com
476,Caz,cjuped7@columbia.edu
477,Trumann,tsallyd8@pinterest.com
478,Vick,vmanifouldd9@umich.edu
479,Norina,ngarvanda@census.gov
480,Darcy,dfirebracedb@independent.co.uk
481,Karlens,kcrocedc@ezinearticles.com
482,Isadore,ilawtondd@nba.com
483,Rodolphe,rgarratde@netscape.com
484,Dawna,dcampedf@google.ru
485,Myrlene,mhindmoordg@purevolume.com
486,Saundra,sdsouzadh@theatlantic.com
487,Peirce,psloperdi@free.fr
488,Erika,etosselldj@dailymail.co.uk
489,Gare,glevettdk@about.com
490,Mollee,mschoenrockdl@amazon.co.uk
491,Mallorie,mbearsmoredm@macromedia.com
492,Donovan,dreadmandn@aboutads.info
493,Marnia,mgiraudydo@google.com.br
494,Birgit,bblomfielddp@skyrock.com
495,Carlina,cjaggsdq@photobucket.com
496,Giselle,gboyackdr@i2i.jp
497,Rudolph,rfrancinods@opensource.org
498,Pedro,ppotzolddt@stumbleupon.com
499,Viola,vboerderdu@nsw.gov.au
500,Haily,hcrotherdv@ning.com
501,Elsworth,epattinsondw@google.com.br
502,Simone,sleytondx@hostgator.com
503,Mercedes,mkitchindy@deviantart.com
504,Nertie,njantetdz@google.com.br
505,Malory,mmaytume0@exblog.jp
506,Bennie,bdensumbee1@japanpost.jp
507,Ulberto,uvallerye2@nhs.uk
508,Carl,ctweedelle3@google.com.br
509,Colman,ctowheye4@over-blog.com
510,Stevie,sdevuyste5@slashdot.org
511,Berna,bpierpointe6@va.gov
512,Gayle,gdwanee7@ted.com
513,Rance,rgalbreathe8@state.tx.us
514,Sutherland,swimsette9@privacy.gov.au
515,Glory,gtrustyea@behance.net
516,Dionysus,dduerdineb@myspace.com
517,Jerry,jclothierec@shutterfly.com
518,Caressa,cmacloughlined@dedecms.com
519,Virgina,vsmidmooree@yolasite.com
520,Luciana,lmanssueref@fastcompany.com
521,Barnabe,brangalleg@hibu.com
522,Courtney,cprivosteh@de.vu
523,Baillie,bjakesei@boston.com
524,Collen,cogormallyej@1688.com
525,Isadora,ijoyceek@parallels.com
526,Gray,gfernierel@tumblr.com
527,Friederike,funthankem@wufoo.com
528,Hanan,hsalleen@army.mil
529,Tandi,ttremellingeo@w3.org
530,Daryle,dtallonep@cargocollective.com
531,Whitman,wmayloreq@usgs.gov
532,Fawn,fwemmer@epa.gov
533,Arri,aspringatees@shop-pro.jp
534,Rosco,rambleret@home.pl
535,Hubert,hslideeu@com.com
536,Anastasia,ashureyev@va.gov
537,Josefa,jskuleew@noaa.gov
538,Carlynne,chaughtonex@japanpost.jp
539,Alison,aucchinoey@jalbum.net
540,Alvie,afleethamez@over-blog.com
541,Gayelord,gcolloughf0@istockphoto.com
542,Gerik,gwolfendellf1@fema.gov
543,Loraine,lguittf2@networksolutions.com
544,Tomi,tpringourf3@harvard.edu
545,Gennifer,gtotterdillf4@cafepress.com
546,Willi,wcordeletf5@soup.io
547,Burl,bnurdinf6@pbs.org
548,Javier,jcrutf7@reference.com
549,Caritta,ccunnowf8@goo.ne.jp
550,Paige,ptevlinf9@accuweather.com
551,Farand,fheinefa@clickbank.net
552,Ingrim,imosdellfb@forbes.com
553,Rice,rthalmannfc@globo.com
554,Rory,rdabernottfd@forbes.com
555,Padriac,prannsfe@123-reg.co.uk
556,Jacquie,jjannawayff@taobao.com
557,Hyacinthia,hjeanelfg@rambler.ru
558,Giorgio,gandrettifh@spotify.com
559,Town,tyardyfi@spotify.com
560,Alli,asherrockfj@miibeian.gov.cn
561,Lorilyn,ljohnsfk@intel.com
562,Fiann,fludmanfl@mediafire.com
563,Maure,mredparthfm@fastcompany.com
564,Cindie,cliddellfn@posterous.com
565,Laney,lchattfo@vimeo.com
566,Janaye,jmcbayfp@vinaora.com
567,Eimile,emackleyfq@theatlantic.com
568,Catherina,crichinfr@webnode.com
569,Tarah,tgreenhillfs@dailymotion.com
570,Welch,wgreeningft@auda.org.au
571,Heidi,hfetteplacefu@infoseek.co.jp
572,Elladine,ecarderofv@home.pl
573,Alberik,adearnessfw@answers.com
574,Jeanna,jthemannfx@mit.edu
575,Haily,halyokhinfy@github.com
576,Isabella,iadriaensfz@woothemes.com
577,Felice,fbrunottig0@cafepress.com
578,Emlyn,epankethg1@paginegialle.it
579,Sophie,sfrankiewiczg2@twitpic.com
580,Isabeau,iclayhillg3@princeton.edu
581,Tabbi,tolling4@aol.com
582,Kippie,kdafferng5@indiatimes.com
583,Gaultiero,gslaterg6@nytimes.com
584,Christoper,cfadellg7@examiner.com
585,Mose,meagellg8@artisteer.com
586,Ab,abarajag9@wordpress.com
587,Cortney,cbostockga@xing.com
588,Pet,ptiliogb@irs.gov
589,Nanon,nkrauzegc@biblegateway.com
590,Scotty,scockaynegd@narod.ru
591,Wilhelmine,wworsterge@fotki.com
592,Gizela,gtregoninggf@chicagotribune.com
593,Willie,wbreytgg@list-manage.com
594,Simona,shiblinggh@quantcast.com
595,Aubrey,apetegreegi@imgur.com
596,Paolina,pdysartgj@sphinn.com
597,Aleen,achillingworthgk@paginegialle.it
598,Ruperto,rgoburngl@bloomberg.com
599,Brook,btolchardgm@storify.com
600,Harriot,hbrakergn@goo.ne.jp
601,Frank,faclandgo@exblog.jp
602,Arthur,agrindlaygp@usgs.gov
603,Loni,ldurygq@ftc.gov
604,Westley,wstuehmeyergr@163.com
605,Darya,dthornsgs@amazonaws.com
606,Korey,kslymegt@npr.org
607,Fanny,fperulligu@dion.ne.jp
608,Trevor,tcausleygv@addthis.com
609,Bradford,bnuzzettigw@ucla.edu
610,Anabelle,aorodanegx@hhs.gov
611,Dimitri,dbrawngy@ibm.com
612,Daria,djuettgz@eventbrite.com
613,Travers,tatchlyh0@dedecms.com
614,Arnuad,ascamerdenh1@chron.com
615,Bert,bjacobowitsh2@bloomberg.com
616,Emmaline,esambellsh3@howstuffworks.com
617,Janice,jkohnenh4@dell.com
618,Libbie,lrushsorthh5@chron.com
619,Brooks,bdefreyneh6@tripod.com
620,Jereme,jbothieh7@mail.ru
621,Bartholomeus,bgreedh8@noaa.gov
622,Caril,claroseh9@cargocollective.com
623,Alyda,asafeha@dyndns.org
624,Des,drozenbaumhb@godaddy.com
625,Lynde,lscutchingshc@delicious.com
626,Marcille,mklimeshd@time.com
627,Whitney,wiannettihe@indiegogo.com
628,Amie,alinckehf@technorati.com
629,Findlay,flaxsonhg@acquirethisname.com
630,Ase,apowdrellhh@elegantthemes.com
631,Liv,langrockhi@usnews.com
632,Talia,tscurrellhj@bizjournals.com
633,Blanca,bburstowehk@linkedin.com
634,Nikaniki,nscreatonhl@oakley.com
635,Daphne,dbranscombhm@state.tx.us
636,Adelle,akloisnerhn@hubpages.com
637,Cosimo,cjahnischho@furl.net
638,Dee dee,dperritthp@seattletimes.com
639,Maryann,mmachelhq@irs.gov
640,Tammi,tcurraghhr@deviantart.com
641,Robin,rgoodfellowehs@salon.com
642,Joane,jmacieiczykht@umn.edu
643,Waylen,wtreneerhu@xrea.com
644,Howey,hbridglandhv@purevolume.com
645,Laurice,lheasemanhw@dion.ne.jp
646,Minne,mallchornehx@businessinsider.com
647,Myron,mditerhy@wired.com
648,Ave,astonehz@paypal.com
649,Karney,kjoineri0@netscape.com
650,Lydia,lduckerini1@techcrunch.com
651,Cate,cgilliani2@go.com
652,Murry,mhuletti3@google.ru
653,Judi,jwheelwrighti4@parallels.com
654,Raine,rspaldingi5@drupal.org
655,Waring,wredfieldi6@studiopress.com
656,Clem,cletfordi7@theglobeandmail.com
657,Gordan,ghollylandi8@forbes.com
658,Evangelia,esackleri9@deviantart.com
659,Audie,abossinghamia@intel.com
660,Bobbee,bgriffenib@usa.gov
661,Merna,mstenbridgeic@google.cn
662,Reece,rpetracchiid@gmpg.org
663,Hymie,hcoverdaleie@slashdot.org
664,Lindsey,lprozilloif@mashable.com
665,Kirby,kgowlandig@forbes.com
666,Teodor,tjannawayih@oaic.gov.au
667,Rurik,rmacariii@jigsy.com
668,Cissiee,ccleatherowij@artisteer.com
669,Gertrude,gchapmanik@cpanel.net
670,La verne,lantonssonil@state.tx.us
671,Amandi,abaitmanim@craigslist.org
672,Rayshell,rdorianin@opensource.org
673,Britt,bprestio@chronoengine.com
674,Raquel,rcastagneriip@fda.gov
675,Elinor,eelvidgeiq@senate.gov
676,Stacy,slilloeir@springer.com
677,Clareta,cclarkeis@simplemachines.org
678,Ken,kedelstonit@360.cn
679,Gray,gbazelliu@google.com.br
680,Chicky,cjodkowskiiv@wix.com
681,Danie,dadamoiw@artisteer.com
682,Raimundo,rmclurgix@livejournal.com
683,Eugene,egaishsoniy@spiegel.de
684,Candie,cpickringiz@feedburner.com
685,Riordan,rvallancej0@twitpic.com
686,Lewie,ltrusdalej1@china.com.cn
687,Ingram,iduffieldj2@cdc.gov
688,Raquela,rgoodfellowej3@harvard.edu
689,Mikael,mrydej4@123-reg.co.uk
690,Deanna,dwoodj5@ocn.ne.jp
691,Luce,lmelburgj6@nasa.gov
692,Petra,pmcginneyj7@weebly.com
693,Huntington,hsimononskyj8@va.gov
694,Gabrila,gpownallj9@1und1.de
695,Hillary,himlenja@smh.com.au
696,Nichol,nblaikjb@nydailynews.com
697,Jewelle,jkuhnkejc@bloglines.com
698,Mimi,mmarkejd@wisc.edu
699,Nicol,nccominije@shareasale.com
700,Merrill,mseymarkjf@guardian.co.uk
701,Catrina,ckobjg@constantcontact.com
702,Hyacinthe,hstuckfordjh@so-net.ne.jp
703,Court,cpactatji@mayoclinic.com
704,Edmon,epidgenjj@vistaprint.com
705,Obidiah,oboyackjk@plala.or.jp
706,Lucila,lliccardojl@toplist.cz
707,Sandra,sklimowiczjm@weebly.com
708,Juana,jhadfieldjn@tinyurl.com
709,Dalis,dlewsonjo@mayoclinic.com
710,Emmye,estrankjp@hugedomains.com
711,Oren,ohopkynsjq@skype.com
712,Karoly,kgremanejr@merriam-webster.com
713,Marilyn,mslottjs@washington.edu
714,Kaia,kshelperjt@jugem.jp
715,Madalyn,mpocknollju@gravatar.com
716,Cristi,cyeelesjv@ebay.com
717,Barty,bbattenjw@google.co.jp
718,Inge,idonwelljx@telegraph.co.uk
719,Alexandros,amuldowniejy@pinterest.com
720,Gertrude,gcloverjz@bing.com
721,Arlinda,aharefootk0@dell.com
722,Cornie,cdavenellk1@miitbeian.gov.cn
723,Deny,dchallinerk2@samsung.com
724,Annaliese,aonolandk3@last.fm
725,Tess,tfernierk4@berkeley.edu
726,Luke,lmainzk5@gmpg.org
727,Tito,tampsk6@issuu.com
728,Evangelin,egrinvalk7@over-blog.com
729,Alleyn,amaccollk8@illinois.edu
730,Brande,bmaytomk9@bloglovin.com
731,Ruthann,rrizzoloka@cornell.edu
732,Armstrong,arichtenkb@amazon.com
733,Sayre,stiesmankc@cloudflare.com
734,Delcina,dpoulsumkd@latimes.com
735,Rossie,rshermoreke@forbes.com
736,Alexandro,abooleykf@ehow.com
737,Kristine,kbrickellkg@dot.gov
738,Austen,anoorekh@army.mil
739,Donnajean,dfaulderki@mail.ru
740,Dona,dgiblinkj@washingtonpost.com
741,Decca,dwaylettkk@psu.edu
742,Karlen,kleathartkl@wired.com
743,Berta,bmackiewiczkm@tuttocitta.it
744,Ariel,acoltartkn@people.com.cn
745,Herbie,hdaceko@exblog.jp
746,Edeline,estapforthkp@berkeley.edu
747,Beret,bbroadwellkq@com.com
748,Joannes,jarnaokr@reddit.com
749,Ashby,atoogoodks@joomla.org
750,Gwyneth,gkoppskt@about.com
751,Janella,jbromleyku@jiathis.com
752,Stafford,swellesleykv@cnbc.com
753,Cate,ckunkw@boston.com
754,Hinda,hfrithkx@senate.gov
755,Preston,podugganky@utexas.edu
756,Archer,abruckerkz@reuters.com
757,Roscoe,rcameronl0@senate.gov
758,Liana,lmilbankl1@rediff.com
759,Raine,rmaclucaisl2@macromedia.com
760,Tucker,thawleyl3@china.com.cn
761,Evered,earmfirldl4@wunderground.com
762,Rosaleen,rchrishopl5@mysql.com
763,Wood,whandrahanl6@nps.gov
764,Liane,lcroall7@dmoz.org
765,Deena,dcastledinel8@smh.com.au
766,Adolphus,acristofolinil9@studiopress.com
767,Filmer,fbownla@nyu.edu
768,Hatti,hcastiellolb@com.com
769,Caritta,crennekelc@home.pl
770,Worden,wtrainorld@bravesites.com
771,Miller,mcockrellle@statcounter.com
772,Dodie,dcrundenlf@posterous.com
773,Kevin,knuschelg@pbs.org
774,Benni,bpolinilh@mac.com
775,Opalina,oomohunli@ucsd.edu
776,Stella,ssouthardlj@umich.edu
777,Lyman,lbartolijnlk@mac.com
778,Lela,lwilprechtll@admin.ch
779,Lari,lhugelm@t.co
780,Gil,gblanceln@booking.com
781,Thelma,tgarroldlo@infoseek.co.jp
782,Sander,sdorracottlp@umich.edu
783,Eddy,ecorlesslq@elpais.com
784,Bernadine,bdawleylr@ed.gov
785,Inglebert,iocurneenls@wufoo.com
786,Mirabella,mmawdittlt@yolasite.com
787,Valaree,vmckomblu@seesaa.net
788,Locke,lhousecroftlv@webeden.co.uk
789,Patricio,pmellsoplw@aol.com
790,Sofia,sparnalllx@ed.gov
791,Milt,mfrandsenly@globo.com
792,Stillmann,ssturtelz@blogspot.com
793,August,agrigolonm0@mtv.com
794,Eugenia,eoteaguem1@timesonline.co.uk
795,Garnette,gtreskem2@xrea.com
796,Herrick,hthomasonm3@google.de
797,Standford,ssimnerm4@scribd.com
798,Quinta,qbackshawm5@ucoz.com
799,Arlen,awippermannm6@naver.com
800,Coral,cadamovitzm7@state.tx.us
801,Molli,mhitzkem8@xinhuanet.com
802,Rhett,respaderom9@microsoft.com
803,Deana,desselinma@google.com
804,Ariana,adocketmb@umich.edu
805,Tedi,tallinsonmc@histats.com
806,Kasey,kclementetmd@eventbrite.com
807,Lainey,lhooksme@discovery.com
808,Kamila,kflowerdewmf@bravesites.com
809,Jenilee,jdiluciamg@51.la
810,Frasco,fmeasuresmh@toplist.cz
811,Dorry,dmcleviemi@marriott.com
812,Elenore,egerredmj@over-blog.com
813,Wynne,wblackmoormk@indiatimes.com
814,Kerri,krimesml@house.gov
815,Inesita,iperfittmm@gov.uk
816,Zarah,zskillingmn@unc.edu
817,Micheline,mcoursonmo@umich.edu
818,Thoma,tbonwellmp@nyu.edu
819,Caressa,cbagbymq@skyrock.com
820,Mordecai,mbalnavesmr@ed.gov
821,Meade,mallchinms@jiathis.com
822,Sapphire,srodingermt@quantcast.com
823,Patricia,pryburnmu@infoseek.co.jp
824,Kele,khenrysonmv@jigsy.com
825,Vinson,vmcareemw@smugmug.com
826,Bennie,bwoehlermx@privacy.gov.au
827,Jacquette,jkaliszewskimy@1und1.de
828,Yves,ylabonmz@ovh.net
829,Zechariah,zancliffen0@posterous.com
830,Cinnamon,cbalderstonen1@yellowbook.com
831,Karlens,kturnbulln2@1688.com
832,Aubrey,arawlinn3@elpais.com
833,Christean,cdoblen4@geocities.jp
834,Cindee,cgreenmann5@purevolume.com
835,Huntley,hmattesn6@privacy.gov.au
836,Christy,cmaddien7@moonfruit.com
837,Cornall,chainesn8@comcast.net
838,Dilan,dmcorkiln9@zimbio.com
839,Raquela,rmacnultyna@upenn.edu
840,Matilde,mdoohernb@shop-pro.jp
841,Sloane,shullbrooknc@storify.com
842,Georgette,gstansburynd@facebook.com
843,Peri,pspaciene@addthis.com
844,Frederick,fruggennf@noaa.gov
845,Waylon,wtrawinng@nationalgeographic.com
846,Maximo,mmcilrathnh@163.com
847,Martita,mgiannonini@hhs.gov
848,Bail,briglesfordnj@examiner.com
849,Adriana,arobbeynk@java.com
850,Caria,cbrucknl@intel.com
851,Edgard,ewhittingtonnm@twitter.com
852,Shelagh,sseivwrightnn@alexa.com
853,Nickolai,nriglerno@cbsnews.com
854,Raynard,rwyleynp@yelp.com
855,Price,pjenteaunq@php.net
856,Alaster,aathynr@cpanel.net
857,Stefa,smatussowns@unc.edu
858,Laura,lgiacopelont@japanpost.jp
859,Edwin,epennernu@stanford.edu
860,Chilton,cwhitlocknv@europa.eu
861,Thatch,tphillipnw@xrea.com
862,Ingemar,ismaridgenx@statcounter.com
863,Bonnibelle,bcairnsny@yahoo.co.jp
864,Sterne,sphilippnz@hostgator.com
865,Sissie,srubertiso0@fda.gov
866,Wald,wfairlawo1@soup.io
867,Amelita,achazotteo2@mapquest.com
868,Langston,lstormso3@craigslist.org
869,Karole,ktomaszczyko4@biglobe.ne.jp
870,Michele,mwranklingo5@wikia.com
871,Augustine,abuglasso6@noaa.gov
872,Petronille,phaddrello7@dagondesign.com
873,Hy,hbroko8@kickstarter.com
874,Grant,ghechlino9@blinklist.com
875,Jackquelin,jcostyoa@amazon.co.uk
876,Randa,rcluckieob@google.ru
877,Emili,emaccallesteroc@aboutads.info
878,Preston,pcowmeadowod@theglobeandmail.com
879,Corrina,chalesworthoe@buzzfeed.com
880,Skelly,spickersgillof@google.es
881,Yuri,yalbrechtog@mozilla.com
882,Rebbecca,rblanchetteoh@businessweek.com
883,Delphine,dkippingoi@studiopress.com
884,Haskel,hmerringtonoj@msn.com
885,Gabbie,gwifflerok@springer.com
886,Anabel,ayannoniol@cornell.edu
887,Goraud,gdrustom@skype.com
888,Theo,tgrolleon@comsenz.com
889,Cherin,ckealoo@deviantart.com
890,Dean,dboothmanop@hao123.com
891,Doria,dlapworthoq@nsw.gov.au
892,Evvy,eschurickeor@sun.com
893,Malcolm,mgeakeos@qq.com
894,Keane,kvannucciot@ovh.net
895,Brandise,bembletonou@slashdot.org
896,Letty,lheineov@hc360.com
897,Eloisa,ewasielow@jugem.jp
898,Gusty,ggohierox@cyberchimps.com
899,Hunfredo,hhostanoy@google.com
900,Stesha,sdeverickoz@state.gov
901,Susette,stiebep0@alibaba.com
902,Hugo,hmcgeechanp1@go.com
903,Nert,nnevettp2@delicious.com
904,Willy,wfallisp3@npr.org
905,Elsa,erapperp4@ihg.com
906,Ashia,adriussip5@comsenz.com
907,Mack,mshoutp6@opera.com
908,Heath,hbeadellp7@privacy.gov.au
909,Vivia,vfoshp8@wisc.edu
910,Susy,sheiferp9@foxnews.com
911,Dinnie,dregitzpa@psu.edu
912,Kora,koferguspb@gmpg.org
913,Filbert,fmarinpc@goo.ne.jp
914,Jessey,jscarlonpd@engadget.com
915,Shelbi,ssuddabype@newsvine.com
916,Roseline,rduckhousepf@walmart.com
917,Harp,hvelldenpg@twitter.com
918,Winnifred,wlaleveeph@ameblo.jp
919,Misti,mlorenzopi@gravatar.com
920,Andi,agatheridgepj@techcrunch.com
921,Miles,mcocksedgepk@xing.com
922,Vladamir,vwreifordpl@histats.com
923,Clerkclaude,cmonksfieldpm@google.co.uk
924,Rebeca,rpennycordpn@howstuffworks.com
925,Damaris,ddumbarpo@stanford.edu
926,Darn,dfalkpp@vkontakte.ru
927,Syman,sbeecroftpq@telegraph.co.uk
928,De,dyeldhampr@apple.com
929,Adamo,abrydellps@aol.com
930,Sigvard,smottept@domainmarket.com
931,Edy,ewebbepu@ted.com
932,Laverna,lhekkertpv@surveymonkey.com
933,Jessalyn,jsouthonpw@domainmarket.com
934,Edward,eciccarellipx@google.de
935,Ebba,efortnampy@umn.edu
936,Gustav,gburnsydepz@boston.com
937,Brandy,beasbyq0@whitehouse.gov
938,Gerrie,gbellelliq1@google.com.hk
939,Victoria,vacarsonq2@samsung.com
940,Van,vcommingsq3@aol.com
941,Brice,bebertzq4@nifty.com
942,Constantina,collisq5@fotki.com
943,Lucita,ltrolleyq6@sina.com.cn
944,Townie,tsconeq7@pagesperso-orange.fr
945,Maryl,mleakq8@marriott.com
946,Malorie,msachnoq9@macromedia.com
947,Sandye,sallanqa@amazon.co.jp
948,Zechariah,zbrandinoqb@hubpages.com
949,Alvinia,aflightqc@google.co.jp
950,Craig,cmcnallyqd@marriott.com
951,Maddy,mwebenqe@google.com.br
952,Jarad,jlakendenqf@nytimes.com
953,Vladamir,vdolderqg@cloudflare.com
954,Jimmie,jmarhamqh@omniture.com
955,Shawnee,staylorsonqi@fda.gov
956,Wini,wblacklidgeqj@nsw.gov.au
957,Cornelle,cjedrasikqk@example.com
958,Myrwyn,mberkaql@google.com.hk
959,Eliot,ecreaserqm@smh.com.au
960,Tomlin,tlanghorqn@hc360.com
961,Cordell,csheermanqo@fotki.com
962,Donaugh,dcastlemanqp@umn.edu
963,Cchaddie,cstqueintainqq@unicef.org
964,Harmonia,hbiaggettiqr@tumblr.com
965,Rosabella,rshimmanqs@bandcamp.com
966,Darrell,dglentonqt@blogs.com
967,Webster,wboulterqu@aboutads.info
968,Jessalin,jmeugensqv@nasa.gov
969,Georgine,gludlamqw@zimbio.com
970,Lynea,lweatherbyqx@smh.com.au
971,Leonora,lmiddiffqy@princeton.edu
972,Mill,mbarrattqz@lulu.com
973,Adler,aquartleyr0@narod.ru
974,Tarrance,tpollackr1@paypal.com
975,Ardisj,alorainer2@auda.org.au
976,Heindrick,hlater3@stumbleupon.com
977,Tanny,thadleighr4@wikia.com
978,Nadia,ndedeir5@hao123.com
979,Myrtle,mferrerir6@desdev.cn
980,Sibeal,sfairbournr7@msu.edu
981,Muhammad,mmurfettr8@multiply.com
982,Patrice,phenighanr9@desdev.cn
983,Duff,dbetancourtra@etsy.com
984,Jessie,jbimsonrb@i2i.jp
985,Celeste,cdutnellrc@studiopress.com
986,Sallee,sshalloord@1und1.de
987,Kirsti,ktrowlere@merriam-webster.com
988,Melinda,madamczykrf@epa.gov
989,Sophronia,sdillestonerg@arstechnica.com
990,Eugene,ewoodfordrh@google.ru
991,Constancia,cridgerri@howstuffworks.com
992,Charmian,clightowlersrj@ucla.edu
993,Loraine,larletrk@cloudflare.com
994,Emmalynne,ecarstairsrl@tuttocitta.it
995,Raddy,rlorencrm@godaddy.com
996,Gannon,gcanadasrn@msn.com
997,Roldan,rgherardiro@npr.org
998,Sheridan,sashmolerp@nature.com
999,Hew,hgagierq@dagondesign.com
1000,Allys,akleynenrr@upenn.edu
